"year","month","watershed","block","plot","burn_trt","invertebrate_biomass"
2014,8,"1D","A",1,"annual",0.244021428571429
2014,8,"1D","A",2,"annual",0.111414285714286
2014,8,"1D","A",3,"annual",0.225128571428571
2014,8,"1D","A",4,"annual",0.143414285714286
2014,8,"1D","A",5,"annual",0.0558071428571429
2014,8,"1D","A",6,"annual",0.116114285714286
2014,8,"1D","B",1,"annual",0.334942857142857
2014,8,"1D","B",2,"annual",0.150514285714286
2014,8,"1D","B",3,"annual",0.278035714285714
2014,8,"1D","B",4,"annual",0.223828571428571
2014,8,"1D","B",5,"annual",0.167521428571429
2014,8,"1D","B",6,"annual",0.115514285714286
2014,8,"1D","C",1,"annual",0.0934071428571429
2014,8,"1D","C",2,"annual",0.284728571428571
2014,8,"1D","C",3,"annual",0.223321428571429
2014,8,"1D","C",4,"annual",0.321528571428571
2014,8,"1D","C",5,"annual",0.167921428571429
2014,8,"1D","C",6,"annual",0.110614285714286
2014,8,"20B","D",1,"unburned",0.0592285714285714
2014,8,"20B","D",2,"unburned",0.0328
2014,8,"20B","D",3,"unburned",0.0681285714285714
2014,8,"20B","D",4,"unburned",0.359214285714286
2014,8,"20B","D",5,"unburned",0.319842857142857
2014,8,"20B","D",6,"unburned",0.177185714285714
2014,8,"20B","E",1,"unburned",0.140257142857143
2014,8,"20B","E",2,"unburned",0.212828571428571
2014,8,"20B","E",3,"unburned",0.176885714285714
2014,8,"20B","E",4,"unburned",0.192285714285714
2014,8,"20B","E",5,"unburned",0.358671428571429
2014,8,"20B","E",6,"unburned",0.136857142857143
2014,8,"20B","F",1,"unburned",2e-04
2014,8,"20B","F",2,"unburned",0.108528571428571
2014,8,"20B","F",3,"unburned",0.116857142857143
2014,8,"20B","F",4,"unburned",0.184385714285714
2014,8,"20B","F",5,"unburned",0.234814285714286
2014,8,"20B","F",6,"unburned",0.231385714285714
2014,8,"20C","A",1,"unburned",0.0027
2014,8,"20C","A",2,"unburned",0.0625285714285714
2014,8,"20C","A",3,"unburned",0.0085
2014,8,"20C","A",4,"unburned",0.252585714285714
2014,8,"20C","A",5,"unburned",0.0666285714285714
2014,8,"20C","A",6,"unburned",0.119457142857143
2014,8,"20C","B",1,"unburned",0.118557142857143
2014,8,"20C","B",2,"unburned",0.0645285714285714
2014,8,"20C","B",3,"unburned",0.175785714285714
2014,8,"20C","B",4,"unburned",0.0714285714285714
2014,8,"20C","B",5,"unburned",0.239514285714286
2014,8,"20C","B",6,"unburned",0.309742857142857
2014,8,"20C","C",1,"unburned",0.0129
2014,8,"20C","C",2,"unburned",0.180285714285714
2014,8,"20C","C",3,"unburned",0.0619285714285714
2014,8,"20C","C",4,"unburned",0.0582285714285714
2014,8,"20C","C",5,"unburned",0.0074
2014,8,"20C","C",6,"unburned",0.122557142857143
2014,8,"SpB","D",1,"annual",0.440057142857143
2014,8,"SpB","D",2,"annual",0.335742857142857
2014,8,"SpB","D",3,"annual",0.384128571428571
2014,8,"SpB","D",4,"annual",0.689478571428571
2014,8,"SpB","D",5,"annual",0.42075
2014,8,"SpB","D",6,"annual",0.38875
2014,8,"SpB","E",1,"annual",0.130014285714286
2014,8,"SpB","E",2,"annual",0.165621428571429
2014,8,"SpB","E",3,"annual",0.281235714285714
2014,8,"SpB","E",4,"annual",0.126214285714286
2014,8,"SpB","E",5,"annual",0.223021428571429
2014,8,"SpB","E",6,"annual",0.114214285714286
2014,8,"SpB","F",1,"annual",0.124514285714286
2014,8,"SpB","F",2,"annual",0.221228571428571
2014,8,"SpB","F",3,"annual",0.282035714285714
2014,8,"SpB","F",4,"annual",0.414942857142857
2014,8,"SpB","F",5,"annual",0.227928571428571
2014,8,"SpB","F",6,"annual",0.0891071428571429
2024,8,"1D","A",1,"annual",0.173751764705882
2024,8,"1D","A",2,"annual",0.0910911764705882
2024,8,"1D","A",3,"annual",0.0897905882352941
2024,8,"1D","A",4,"annual",0.167571764705882
2024,8,"1D","A",5,"annual",0.0629505882352941
2024,8,"1D","A",6,"annual",0.00935
2024,8,"1D","B",1,"annual",0.190802941176471
2024,8,"1D","B",2,"annual",0.0763211764705882
2024,8,"1D","B",3,"annual",0.0763211764705882
2024,8,"1D","B",4,"annual",0.152642352941176
2024,8,"1D","B",5,"annual",0.0763211764705882
2024,8,"1D","B",6,"annual",0.114481764705882
2024,8,"1D","B ",1,"annual",0.24547
2024,8,"1D","B ",2,"annual",0.08463
2024,8,"1D","B ",3,"annual",0.01509
2024,8,"1D","B ",4,"annual",0.04502
2024,8,"1D","B ",5,"annual",0.00812
2024,8,"1D","B ",6,"annual",0.01665
2024,8,"1D","C",1,"annual",0.170112352941176
2024,8,"1D","C",2,"annual",0.123880588235294
2024,8,"1D","C",3,"annual",0.0028
2024,8,"1D","C",4,"annual",0.196722352941176
2024,8,"1D","C",5,"annual",0.0975611764705882
2024,8,"1D","C",6,"annual",0.00347
2024,8,"20B","D",1,"unburned",0.0448173684210526
2024,8,"20B","D",2,"unburned",0.00259
2024,8,"20B","D",3,"unburned",0.0794747368421053
2024,8,"20B","D",4,"unburned",0.07294
2024,8,"20B","D",5,"unburned",0.0073
2024,8,"20B","D",6,"unburned",0.08604
2024,8,"20B","E",1,"unburned",1.18145210526316
2024,8,"20B","E",2,"unburned",0.222037368421053
2024,8,"20B","E",3,"unburned",0.0404073684210526
2024,8,"20B","E",4,"unburned",0.154179473684211
2024,8,"20B","E",5,"unburned",0.17774
2024,8,"20B","E",6,"unburned",0.231454736842105
2024,8,"20B","F",1,"unburned",0.03534
2024,8,"20B","F",2,"unburned",0.0663473684210526
2024,8,"20B","F",3,"unburned",0.140972105263158
2024,8,"20B","F",4,"unburned",0.112242105263158
2024,8,"20B","F",5,"unburned",0.01077
2024,8,"20B","F",6,"unburned",0.00209
2024,8,"20C","A",1,"unburned",0.0970973684210526
2024,8,"20C","A",2,"unburned",0.0798647368421053
2024,8,"20C","A",3,"unburned",0.116352105263158
2024,8,"20C","A",4,"unburned",0.0453673684210526
2024,8,"20C","A",5,"unburned",0.0906547368421053
2024,8,"20C","A",6,"unburned",0.152989473684211
2024,8,"20C","B",1,"unburned",0.0358073684210526
2024,8,"20C","B",2,"unburned",0.107422105263158
2024,8,"20C","B",3,"unburned",0.120304736842105
2024,8,"20C","B",5,"unburned",0.0138
2024,8,"20C","B",6,"unburned",0.0716147368421053
2024,8,"20C","B ",1,"unburned",0.02457
2024,8,"20C","B ",2,"unburned",0.03197
2024,8,"20C","B ",4,"unburned",0.00869
2024,8,"20C","B ",6,"unburned",0.04682
2024,8,"20C","C",1,"unburned",0.119592105263158
2024,8,"20C","C",2,"unburned",0.0773473684210526
2024,8,"20C","C",3,"unburned",0.00393
2024,8,"20C","C",4,"unburned",0.105327368421053
2024,8,"20C","C",5,"unburned",0.0981347368421053
2024,8,"20C","C",6,"unburned",0.00836
2024,8,"SpB","D",1,"annual",0.01569
2024,8,"SpB","D",2,"annual",0.01937
2024,8,"SpB","D",3,"annual",0.0790111764705882
2024,8,"SpB","D",4,"annual",0.00789
2024,8,"SpB","D",5,"annual",0.0606505882352941
2024,8,"SpB","D",6,"annual",0.02023
2024,8,"SpB","E",1,"annual",0.01863
2024,8,"SpB","E",2,"annual",0.01773
2024,8,"SpB","E",3,"annual",0.0794205882352941
2024,8,"SpB","E",4,"annual",0.182292352941176
2024,8,"SpB","E",5,"annual",0.107110588235294
2024,8,"SpB","E",6,"annual",0.235952352941176
2024,8,"SpB","F",1,"annual",0.0978811764705882
2024,8,"SpB","F",2,"annual",0.0876011764705882
2024,8,"SpB","F",3,"annual",0.102751176470588
2024,8,"SpB","F",4,"annual",0.133951764705882
2024,8,"SpB","F",5,"annual",0.0850111764705882
2024,8,"SpB","F",6,"annual",0.01763
