"watershed","block","plot","growth_form","Total_N","Total_C","year","burn_trt"
"20C","C",3,"forb","0.83","44.77",2019,"unburned"
"20C","C",5,"grass","1.04","41.35",2019,"unburned"
"20C","C",6,"forb","0.98","42.72",2019,"unburned"
"20C","C",4,"forb","1.20","46.19",2019,"unburned"
"20C","C",4,"grass","1.19","42.38",2019,"unburned"
"20C","C",3,"grass","0.34","42.08",2019,"unburned"
"20C","C",1,"forb","1.21","45.66",2019,"unburned"
"20C","C",6,"grass","0.83","42.36",2019,"unburned"
"20C","C",1,"grass","0.60","41.32",2019,"unburned"
"20C","C",2,"forb","0.96","45.21",2019,"unburned"
"20C","C",2,"grass","0.79","42.37",2019,"unburned"
"20C","B",5,"forb","1.02","45.16",2019,"unburned"
"20C","B",6,"forb","1.93","36.23",2019,"unburned"
"20C","B",6,"grass","0.48","42.84",2019,"unburned"
"20C","B",5,"grass","0.48","41.83",2019,"unburned"
"20C","B",3,"grass","0.97","42.45",2019,"unburned"
"20C","B",3,"forb","1.49","46.24",2019,"unburned"
"20C","B",1,"grass","0.71","42.49",2019,"unburned"
"20C","B",2,"grass","0.56","42.04",2019,"unburned"
"20C","B",4,"grass","0.48","41.51",2019,"unburned"
"20C","B",2,"forb","1.28","45.78",2019,"unburned"
"20C","B",4,"forb","1.04","44.78",2019,"unburned"
"20C","B",1,"forb","1.72","44.24",2019,"unburned"
"20C","A",4,"grass","0.78","42.54",2019,"unburned"
"20C","A",2,"grass","0.86","42.64",2019,"unburned"
"20C","A",4,"forb","0.85","43.22",2019,"unburned"
"20C","A",1,"grass","0.71","44.23",2019,"unburned"
"20C","A",5,"grass","0.72","42.24",2019,"unburned"
"20C","A",1,"forb","0.71","44.53",2019,"unburned"
"20C","A",3,"grass","0.62","42.21",2019,"unburned"
"20C","A",2,"forb","0.72","43.62",2019,"unburned"
"20C","A",6,"forb","1.14","45.51",2019,"unburned"
"20C","A",3,"forb","1.12","44.24",2019,"unburned"
"20C","A",5,"forb","1.01","45.88",2019,"unburned"
"20C","A",6,"grass","0.59","42.09",2019,"unburned"
"20C","A",6,"woody","0.48","44.56",2019,"unburned"
"SpB","D",1,"grass","0.48","42.97",2019,"annual"
"SpB","D",2,"grass","0.55","42.53",2019,"annual"
"SpB","D",3,"grass","0.50","42.97",2019,"annual"
"SpB","D",4,"grass","0.49","42.57",2019,"annual"
"SpB","D",5,"grass","0.43","42.77",2019,"annual"
"SpB","D",6,"grass","0.57","43.03",2019,"annual"
"SpB","D",6,"forb","1.25","42.79",2019,"annual"
"SpB","E",4,"grass","0.44","42.78",2019,"annual"
"SpB","E",3,"grass","0.61","43.26",2019,"annual"
"SpB","E",5,"grass","0.32","43.21",2019,"annual"
"SpB","E",1,"grass","0.54","42.36",2019,"annual"
"SpB","E",6,"grass","0.44","43.53",2019,"annual"
"SpB","E",2,"grass","0.26","43.76",2019,"annual"
"SpB","F",6,"grass","0.37","41.54",2019,"annual"
"SpB","F",4,"grass","0.48","43.71",2019,"annual"
"SpB","F",5,"forb","1.04","36.03",2019,"annual"
"SpB","F",2,"grass","0.42","42.32",2019,"annual"
"SpB","F",3,"grass","0.50","42.53",2019,"annual"
"SpB","F",5,"grass","0.21","44.37",2019,"annual"
"SpB","F",2,"forb","0.91","37.97",2019,"annual"
"SpB","F",1,"grass","0.65","42.97",2019,"annual"
"1D","A",2,"grass","0.47","41.40",2019,"annual"
"1D","A",5,"grass","0.31","43.94",2019,"annual"
"1D","A",4,"grass","0.58","43.64",2019,"annual"
"1D","A",6,"grass","0.34","42.39",2019,"annual"
"1D","A",3,"forb","0.71","38.79",2019,"annual"
"1D","A",3,"grass","0.67","38.590000000000003",2019,"annual"
"1D","A",1,"grass","0.74","43.68",2019,"annual"
"1D","A",5,"forb","0.62","44.41",2019,"annual"
"1D","B",3,"grass","0.47","41.71",2019,"annual"
"1D","B",4,"grass","0.44","42.35",2019,"annual"
"1D","B",5,"grass","0.51","42.31",2019,"annual"
"1D","B",6,"grass","0.55","42.64",2019,"annual"
"1D","B",1,"grass","0.44","43.10",2019,"annual"
"1D","B",4,"forb","0.46","43.73",2019,"annual"
"1D","B",1,"forb","0.46","43.45",2019,"annual"
"1D","B",5,"forb","0.51","41.70",2019,"annual"
"1D","B",2,"grass","0.46","43.09",2019,"annual"
"1D","B",2,"forb","0.48","42.73",2019,"annual"
"1D","C",3,"forb","0.45","43.40",2019,"annual"
"1D","C",3,"grass","0.43","42.50",2019,"annual"
"1D","C",5,"forb","0.74","42.30",2019,"annual"
"1D","C",5,"grass","0.56","42.14",2019,"annual"
"1D","C",1,"grass","0.54","43.61",2019,"annual"
"1D","C",2,"grass","0.45","43.31",2019,"annual"
"1D","C",4,"grass","0.79","42.92",2019,"annual"
"1D","C",6,"grass","0.61","42.69",2019,"annual"
"20B","D",1,"grass","0.77","42.80",2019,"unburned"
"20B","D",2,"grass","0.88","42.95",2019,"unburned"
"20B","D",3,"grass","0.77","43.75",2019,"unburned"
"20B","D",4,"forb","0.91","43.72",2019,"unburned"
"20B","D",5,"grass","0.38","43.70",2019,"unburned"
"20B","D",2,"forb","0.91","45.84",2019,"unburned"
"20B","D",5,"forb","0.60","44.57",2019,"unburned"
"20B","D",1,"forb","0.99","44.89",2019,"unburned"
"20B","D",3,"forb","0.98","44.71",2019,"unburned"
"20B","D",6,"forb","1.87","46.76",2019,"unburned"
"20B","D",4,"grass","0.77","41.91",2019,"unburned"
"20B","D",6,"grass","0.74","43.48",2019,"unburned"
"20B","E",1,"grass","0.99","42.30",2019,"unburned"
"20B","E",2,"forb","1.12","42.48",2019,"unburned"
"20B","E",3,"grass","0.84","41.88",2019,"unburned"
"20B","E",5,"grass","0.71","44.00",2019,"unburned"
"20B","E",2,"grass","0.58","42.97",2019,"unburned"
"20B","E",1,"forb","1.39","42.77",2019,"unburned"
"20B","E",3,"forb","0.89","45.56",2019,"unburned"
"20B","E",4,"forb","1.47","43.85",2019,"unburned"
"20B","E",4,"grass","1.28","44.04",2019,"unburned"
"20B","E",6,"grass","0.91","41.87",2019,"unburned"
"20B","F",3,"grass","0.78","42.90",2019,"unburned"
"20B","F",2,"forb","1.05","46.10",2019,"unburned"
"20B","F",3,"forb","0.65","44.08",2019,"unburned"
"20B","F",1,"forb","1.18","46.14",2019,"unburned"
"20B","F",2,"grass","0.56","43.87",2019,"unburned"
"20B","F",4,"grass","0.62","44.11",2019,"unburned"
"20B","F",1,"grass","0.65","44.45",2019,"unburned"
"20B","F",6,"grass","0.58","42.88",2019,"unburned"
"20B","F",4,"forb","1.34","45.47",2019,"unburned"
"20B","F",5,"grass","0.34","42.39",2019,"unburned"
"20B","F",5,"forb","0.97","46.13",2019,"unburned"
"SpB","D",1,"grass","0.45","41.20",2024,"annual"
"SpB","D",2,"grass","0.35","41.74",2024,"annual"
"SpB","D",2,"forb","0.97","39.05",2024,"annual"
"SpB","D",3,"grass","0.63","42.09",2024,"annual"
"SpB","D",3,"forb","0.80","42.67",2024,"annual"
"SpB","D",4,"grass","0.42","41.40",2024,"annual"
"SpB","D",5,"grass","0.54","41.67",2024,"annual"
"SpB","D",5,"forb","0.68","39.69",2024,"annual"
"SpB","D",6,"grass","0.63","40.66",2024,"annual"
"SpB","D",6,"forb","1.03","42.07",2024,"annual"
"SpB","E",1,"grass","0.58","40.58",2024,"annual"
"SpB","E",2,"grass","0.47","41.68",2024,"annual"
"SpB","E",3,"grass","0.97","37.48",2024,"annual"
"SpB","E",4,"grass","0.47","40.39",2024,"annual"
"SpB","E",4,"forb","1.01","36.34",2024,"annual"
"SpB","E",5,"grass","0.47","41.09",2024,"annual"
"SpB","E",6,"grass","0.65","41.72",2024,"annual"
"SpB","F",1,"grass","0.47","41.53",2024,"annual"
"SpB","F",2,"grass","0.64","41.67",2024,"annual"
"SpB","F",3,"grass","0.44","40.94",2024,"annual"
"SpB","F",3,"forb","0.78","35.02",2024,"annual"
"SpB","F",4,"grass","0.63","43.26",2024,"annual"
"SpB","F",5,"grass","0.54","41.25",2024,"annual"
"SpB","F",6,"grass","0.60","40.72",2024,"annual"
"SpB","F",6,"forb","1.06","41.44",2024,"annual"
"20B","D",1,"grass","0.46","40.15",2024,"unburned"
"20B","D",1,"forb","0.55","28.09",2024,"unburned"
"20B","D",2,"grass","0.47","40.86",2024,"unburned"
"20B","D",2,"forb","1.24","43.13",2024,"unburned"
"20B","D",3,"grass","0.64","42.16",2024,"unburned"
"20B","D",3,"forb","1.11","41.91",2024,"unburned"
"20B","D",4,"grass","0.42","41.48",2024,"unburned"
"20B","D",4,"forb","1.19","44.48",2024,"unburned"
"20B","D",5,"grass","0.39","41.90",2024,"unburned"
"20B","D",5,"forb","1.01","42.46",2024,"unburned"
"20B","D",6,"grass","0.70","42.61",2024,"unburned"
"20B","D",6,"forb","1.42","43.47",2024,"unburned"
"20B","E",1,"grass","0.96","42.02",2024,"unburned"
"20B","E",1,"forb","2.03","43.16",2024,"unburned"
"20B","E",2,"grass","0.65","34.94",2024,"unburned"
"20B","E",3,"grass","0.47","41.99",2024,"unburned"
"20B","E",3,"forb","1.61","45.15",2024,"unburned"
"20B","E",4,"grass","0.95","42.30",2024,"unburned"
"20B","E",4,"forb","1.13","44.52",2024,"unburned"
"20B","E",5,"grass","0.49","41.43",2024,"unburned"
"20B","E",5,"forb","0.68","43.28",2024,"unburned"
"20B","E",6,"grass","0.57","42.48",2024,"unburned"
"20B","E",6,"forb","0.90","44.03",2024,"unburned"
"20B","F",1,"grass","0.71","42.05",2024,"unburned"
"20B","F",1,"forb","1.41","39.77",2024,"unburned"
"20B","F",2,"grass","0.51","41.80",2024,"unburned"
"20B","F",2,"forb","0.81","42.24",2024,"unburned"
"20B","F",3,"grass","0.40","40.68",2024,"unburned"
"20B","F",3,"forb","0.82","42.39",2024,"unburned"
"20B","F",4,"grass","0.56","41.98",2024,"unburned"
"20B","F",4,"forb","1.47","41.79",2024,"unburned"
"20B","F",5,"grass","0.43","40.98",2024,"unburned"
"20B","F",5,"forb","1.34","41.93",2024,"unburned"
"20B","F",6,"grass","0.47","40.17",2024,"unburned"
"20C","A",1,"grass","0.48","40.30",2024,"unburned"
"20C","A",1,"forb","0.82","39.91",2024,"unburned"
"20C","A",2,"grass","0.45","40.55",2024,"unburned"
"20C","A",2,"forb","1.32","40.14",2024,"unburned"
"20C","A",3,"grass","0.63","41.02",2024,"unburned"
"20C","A",3,"forb","1.88","42.05",2024,"unburned"
"20C","A",4,"grass","0.42","43.07",2024,"unburned"
"20C","A",4,"forb","0.56","44.02",2024,"unburned"
"20C","A",5,"grass","0.55","41.79",2024,"unburned"
"20C","A",5,"forb","0.98","44.27",2024,"unburned"
"20C","A",6,"grass","0.66","40.15",2024,"unburned"
"20C","B",1,"grass","0.52","40.57",2024,"unburned"
"20C","B",1,"forb","0.68","45.10",2024,"unburned"
"20C","B",2,"grass","0.74","41.50",2024,"unburned"
"20C","B",2,"forb","0.88","45.75",2024,"unburned"
"20C","B",3,"grass","0.82","42.46",2024,"unburned"
"20C","B",3,"forb","1.87","45.35",2024,"unburned"
"20C","B",4,"grass","0.34","40.60",2024,"unburned"
"20C","B",4,"forb","1.34","43.61",2024,"unburned"
"20C","B",5,"grass","0.49","41.42",2024,"unburned"
"20C","B",5,"forb","0.69","46.31",2024,"unburned"
"20C","B",6,"grass","0.68","42.17",2024,"unburned"
"20C","B",6,"forb","2.35","43.58",2024,"unburned"
"20C","C",1,"grass","0.72","41.48",2024,"unburned"
"20C","C",1,"forb","1.84","44.76",2024,"unburned"
"20C","C",2,"grass","0.24","41.48",2024,"unburned"
"20C","C",2,"forb","0.69","42.85",2024,"unburned"
"20C","C",3,"grass","0.41","40.43",2024,"unburned"
"20C","C",3,"forb","0.52","44.42",2024,"unburned"
"20C","C",4,"grass","1.10","42.28",2024,"unburned"
"20C","C",4,"forb","1.02","44.81",2024,"unburned"
"20C","C",5,"grass","0.63","41.49",2024,"unburned"
"20C","C",5,"forb","1.13","44.21",2024,"unburned"
"20C","C",6,"grass","0.36","41.07",2024,"unburned"
"20C","C",6,"forb","0.56","41.83",2024,"unburned"
"1D","A",1,"grass","0.37","42.71",2024,"annual"
"1D","A",1,"forb","2.43","52.48",2024,"annual"
"1D","A",2,"grass","0.48","41.86",2024,"annual"
"1D","A",2,"forb","0.94","40.56",2024,"annual"
"1D","A",3,"grass","0.48","40.21",2024,"annual"
"1D","A",4,"grass","0.43","42.04",2024,"annual"
"1D","A",4,"forb","1.13","42.37",2024,"annual"
"1D","A",5,"grass","0.55","38.22",2024,"annual"
"1D","A",5,"forb","0.66","43.43",2024,"annual"
"1D","A",6,"grass","0.42","40.69",2024,"annual"
"1D","B",1,"grass","0.49","42.13",2024,"annual"
"1D","B",1,"forb","0.58","42.70",2024,"annual"
"1D","B",2,"grass","0.51","38.79",2024,"annual"
"1D","B",3,"grass","0.50","40.15",2024,"annual"
"1D","B",3,"forb","0.84","37.97",2024,"annual"
"1D","B",4,"grass","0.51","42.12",2024,"annual"
"1D","B",5,"grass","0.54","39.99",2024,"annual"
"1D","B",6,"grass","0.42","39.35",2024,"annual"
"1D","C",1,"grass","0.75","37.61",2024,"annual"
"1D","C",2,"grass","0.45","36.86",2024,"annual"
"1D","C",2,"forb","0.75","42.34",2024,"annual"
"1D","C",3,"grass","0.42","40.12",2024,"annual"
"1D","C",3,"forb","0.82","40.76",2024,"annual"
"1D","C",4,"grass","0.48","41.15",2024,"annual"
"1D","C",5,"grass","0.41","41.18",2024,"annual"
"1D","C",6,"grass","0.48","39.99",2024,"annual"
"1D","C",6,"forb","0.55","44.52",2024,"annual"
